<?xml version="1.0" encoding="utf-8"?>
<!--/13717942/1065941/2.49/8/4/Integrated Circuit/-->
<quadcept_library>
  <setting unit="mil" />
  <textstyle name="Default" height="47.244094488189" strokewidth="7.8740157480315" charwidth="47.244094488189" />
  <textstyle name="Dimension" height="19.6850393700787" strokewidth="0" charwidth="19.6850393700787" />
  <textstyle name="H127W0635TH00762" height="50" strokewidth="3" charwidth="25" />
  <textstyle name="H15W15TH02" height="59.0551181102362" strokewidth="7.8740157480315" charwidth="59.0551181102362" />
  <padstyle name="r460_80" surface="True" plated="False" isvia="False" nopaste="False" nomask="True" complex="False" holesize="0">
    <padshape layer="TOP" shape="rectangle" width="31.496062992126" height="181.10236220472" />
    <padshape layer="TOP_SOLDER_MASK" shape="rectangle" width="39.370078740157" height="188.97637795275" />
    <padshape layer="TOP_SOLDER_PASTE" shape="rectangle" width="31.496062992126" height="181.10236220472" />
  </padstyle>
  <padstyle name="r1080_940" surface="True" plated="False" isvia="False" nopaste="False" nomask="True" complex="False" holesize="0">
    <padshape layer="TOP" shape="rectangle" width="370.07874015748" height="425.1968503937" />
    <padshape layer="TOP_SOLDER_MASK" shape="rectangle" width="377.95275590551" height="433.07086614173" />
    <padshape layer="TOP_SOLDER_PASTE" shape="rectangle" width="370.07874015748" height="425.1968503937" />
  </padstyle>
  <footprint name="BTS7960B" originx="0" originy="0" pickpointx="0" pickpointy="0">
    <pcbpin number="1" name="1" style="r460_80" originx="-150" originy="-360.23622047244" rotation="0" />
    <pcbpin number="2" name="2" style="r460_80" originx="-99.999999999999" originy="-360.23622047244" rotation="0" />
    <pcbpin number="3" name="3" style="r460_80" originx="-49.999999999999" originy="-360.23622047244" rotation="0" />
    <pcbpin number="4" name="4" style="r460_80" originx="0" originy="-360.23622047244" rotation="0" />
    <pcbpin number="5" name="5" style="r460_80" originx="49.999999999999" originy="-360.23622047244" rotation="0" />
    <pcbpin number="6" name="6" style="r460_80" originx="99.999999999999" originy="-360.23622047244" rotation="0" />
    <pcbpin number="7" name="7" style="r460_80" originx="150" originy="-360.23622047244" rotation="0" />
    <pcbpin number="8" name="8" style="r1080_940" originx="0" originy="0" rotation="90" />
    <line layer="TOP_ASSEMBLY" originx="-194.88188976378" originy="-228.34645669291" endx="194.88188976378" endy="-228.34645669291" width="3.9370078740157" />
    <line layer="TOP_ASSEMBLY" originx="194.88188976378" originy="-228.34645669291" endx="194.88188976378" endy="133.85826771653" width="3.9370078740157" />
    <line layer="TOP_ASSEMBLY" originx="194.88188976378" originy="133.85826771653" endx="-194.88188976378" endy="133.85826771653" width="3.9370078740157" />
    <line layer="TOP_ASSEMBLY" originx="-194.88188976378" originy="133.85826771653" endx="-194.88188976378" endy="-228.34645669291" width="3.9370078740157" />
    <line layer="TOP_SILKSCREEN" originx="-194.88188976378" originy="-206.69291338582" endx="-194.88188976378" endy="-206.69291338582" width="7.8740157480314" />
    <line layer="TOP_SILKSCREEN" originx="-194.88188976378" originy="-206.69291338582" endx="-194.88188976378" endy="-226.3779527559" width="7.8740157480314" />
    <line layer="TOP_SILKSCREEN" originx="-194.88188976378" originy="-226.3779527559" endx="-194.88188976378" endy="-226.3779527559" width="7.8740157480314" />
    <line layer="TOP_SILKSCREEN" originx="-194.88188976378" originy="-226.3779527559" endx="-194.88188976378" endy="-206.69291338582" width="7.8740157480314" />
    <line layer="TOP_SILKSCREEN" originx="-194.88188976378" originy="-228.34645669291" endx="194.88188976378" endy="-228.34645669291" width="7.8740157480314" />
    <line layer="TOP_SILKSCREEN" originx="194.88188976378" originy="-228.34645669291" endx="194.88188976378" endy="-228.34645669291" width="7.8740157480314" />
    <line layer="TOP_SILKSCREEN" originx="194.88188976378" originy="-228.34645669291" endx="-194.88188976378" endy="-228.34645669291" width="7.8740157480314" />
    <line layer="TOP_SILKSCREEN" originx="-194.88188976378" originy="-228.34645669291" endx="-194.88188976378" endy="-228.34645669291" width="7.8740157480314" />
    <line layer="TOP_SILKSCREEN" originx="194.88188976378" originy="-228.34645669291" endx="194.88188976378" endy="-228.34645669291" width="7.8740157480314" />
    <line layer="TOP_SILKSCREEN" originx="194.88188976378" originy="-228.34645669291" endx="194.88188976378" endy="-206.69291338582" width="7.8740157480314" />
    <line layer="TOP_SILKSCREEN" originx="194.88188976378" originy="-206.69291338582" endx="194.88188976378" endy="-206.69291338582" width="7.8740157480314" />
    <line layer="TOP_SILKSCREEN" originx="194.88188976378" originy="-206.69291338582" endx="194.88188976378" endy="-228.34645669291" width="7.8740157480314" />
    <line layer="TOP_PLACE_BOUND" originx="-251.968503937" originy="224.40944881889" endx="251.968503937" endy="224.40944881889" width="3.9370078740157" />
    <line layer="TOP_PLACE_BOUND" originx="251.968503937" originy="224.40944881889" endx="251.968503937" endy="-547.24409448818" width="3.9370078740157" />
    <line layer="TOP_PLACE_BOUND" originx="251.968503937" originy="-547.24409448818" endx="-251.968503937" endy="-547.24409448818" width="3.9370078740157" />
    <line layer="TOP_PLACE_BOUND" originx="-251.968503937" originy="-547.24409448818" endx="-251.968503937" endy="224.40944881889" width="3.9370078740157" />
    <line layer="TOP_SILKSCREEN" originx="-150" originy="-507.87401574803" endx="-150" endy="-507.87401574803" width="7.8740157480314" />
    <arc layer="TOP_SILKSCREEN" originx="-150" originy="-505.90551181102" startangle="-90.0" sweepangle="180.0" radius="1.9685039370078" width="7.8740157480314" />
    <line layer="TOP_SILKSCREEN" originx="-150" originy="-503.93700787401" endx="-150" endy="-503.93700787401" width="7.8740157480314" />
    <arc layer="TOP_SILKSCREEN" originx="-150" originy="-505.90551181102" startangle="90.0" sweepangle="180.0" radius="1.9685039370078" width="7.8740157480314" />
    <line layer="TOP_SILKSCREEN" originx="-150" originy="-507.87401574803" endx="-150" endy="-507.87401574803" width="7.8740157480314" />
    <arc layer="TOP_SILKSCREEN" originx="-150" originy="-505.90551181102" startangle="-90.0" sweepangle="180.0" radius="1.9685039370078" width="7.8740157480314" />
  </footprint>
  <symbol name="BTS7960B" originx="0" originy="0">
    <line originx="200" originy="100" endx="1000" endy="100" width="0" />
    <line originx="1000" originy="-700" endx="1000" endy="100" width="0" />
    <line originx="1000" originy="-700" endx="200" endy="-700" width="0" />
    <line originx="200" originy="100" endx="200" endy="-700" width="0" />
    <sympin number="1" originx="200" originy="0" rotation="180" length="100" width="7.8740157480315" flipped="False">
      <text name="pinname" originx="230" originy="0" style="Default" rotation="0" justify="left" flipped="False" hidden="False" data="GND" />
      <text name="pindes" originx="140" originy="20" style="Default" rotation="0" justify="lowerright" flipped="False" hidden="False" data="1" />
    </sympin>
    <sympin number="2" originx="200" originy="-100" rotation="180" length="100" width="7.8740157480315" flipped="False">
      <text name="pinname" originx="230" originy="-100" style="Default" rotation="0" justify="left" flipped="False" hidden="False" data="IN" />
      <text name="pindes" originx="140" originy="-80" style="Default" rotation="0" justify="lowerright" flipped="False" hidden="False" data="2" />
    </sympin>
    <sympin number="3" originx="200" originy="-200" rotation="180" length="100" width="7.8740157480315" flipped="False">
      <text name="pinname" originx="230" originy="-200" style="Default" rotation="0" justify="left" flipped="False" hidden="False" data="INH" />
      <text name="pindes" originx="140" originy="-180" style="Default" rotation="0" justify="lowerright" flipped="False" hidden="False" data="3" />
    </sympin>
    <sympin number="4" originx="200" originy="-300" rotation="180" length="100" width="7.8740157480315" flipped="False">
      <text name="pinname" originx="230" originy="-300" style="Default" rotation="0" justify="left" flipped="False" hidden="False" data="OUT_1" />
      <text name="pindes" originx="140" originy="-280" style="Default" rotation="0" justify="lowerright" flipped="False" hidden="False" data="4" />
    </sympin>
    <sympin number="5" originx="200" originy="-400" rotation="180" length="100" width="7.8740157480315" flipped="False">
      <text name="pinname" originx="230" originy="-400" style="Default" rotation="0" justify="left" flipped="False" hidden="False" data="SR" />
      <text name="pindes" originx="140" originy="-380" style="Default" rotation="0" justify="lowerright" flipped="False" hidden="False" data="5" />
    </sympin>
    <sympin number="6" originx="200" originy="-500" rotation="180" length="100" width="7.8740157480315" flipped="False">
      <text name="pinname" originx="230" originy="-500" style="Default" rotation="0" justify="left" flipped="False" hidden="False" data="IS" />
      <text name="pindes" originx="140" originy="-480" style="Default" rotation="0" justify="lowerright" flipped="False" hidden="False" data="6" />
    </sympin>
    <sympin number="7" originx="200" originy="-600" rotation="180" length="100" width="7.8740157480315" flipped="False">
      <text name="pinname" originx="230" originy="-600" style="Default" rotation="0" justify="left" flipped="False" hidden="False" data="VS" />
      <text name="pindes" originx="140" originy="-580" style="Default" rotation="0" justify="lowerright" flipped="False" hidden="False" data="7" />
    </sympin>
    <sympin number="8" originx="1000" originy="0" rotation="0" length="100" width="7.8740157480315" flipped="False">
      <text name="pinname" originx="970" originy="0" style="Default" rotation="0" justify="right" flipped="False" hidden="False" data="OUT_2" />
      <text name="pindes" originx="1060" originy="20" style="Default" rotation="0" justify="lowerleft" flipped="False" hidden="False" data="8" />
    </sympin>
  </symbol>
  <component name="BTS7960B" designatorprefix="IC" height="173.22834645669" footprint="BTS7960B">
    <comppin designator="1" sympin="1" pinswap="0" gateswap="0" gate="1" group="1" side="" type="Any" name="GND" />
    <comppin designator="2" sympin="2" pinswap="0" gateswap="0" gate="1" group="1" side="" type="Any" name="IN" />
    <comppin designator="3" sympin="3" pinswap="0" gateswap="0" gate="1" group="1" side="" type="Any" name="INH" />
    <comppin designator="4" sympin="4" pinswap="0" gateswap="0" gate="1" group="1" side="" type="Any" name="OUT_1" />
    <comppin designator="5" sympin="5" pinswap="0" gateswap="0" gate="1" group="1" side="" type="Any" name="SR" />
    <comppin designator="6" sympin="6" pinswap="0" gateswap="0" gate="1" group="1" side="" type="Any" name="IS" />
    <comppin designator="7" sympin="7" pinswap="0" gateswap="0" gate="1" group="1" side="" type="Any" name="VS" />
    <comppin designator="8" sympin="8" pinswap="0" gateswap="0" gate="1" group="1" side="" type="Any" name="OUT_2" />
    <attached_symbol gate="1" name="BTS7960B" />
    <pinmap designator="1" footprintpin="1" />
    <pinmap designator="2" footprintpin="2" />
    <pinmap designator="3" footprintpin="3" />
    <pinmap designator="4" footprintpin="4" />
    <pinmap designator="5" footprintpin="5" />
    <pinmap designator="6" footprintpin="6" />
    <pinmap designator="7" footprintpin="7" />
    <pinmap designator="8" footprintpin="8" />
    <text name="Datasheet" originx="0" originy="0" style="Default" rotation="0" justify="" flipped="False" hidden="True" data="" />
    <text name="Description" originx="0" originy="0" style="Default" rotation="0" justify="" flipped="False" hidden="True" data="Path resistance of typ. 16 m @ 25 C" />
    <text name="Manufacturer_Name" originx="0" originy="0" style="Default" rotation="0" justify="" flipped="False" hidden="True" data="Rochester Electronics" />
    <text name="Manufacturer_Part_Number" originx="1050" originy="200" style="Default" rotation="0" justify="left" flipped="False" hidden="False" data="BTS7960B" />
    <text name="Mouser Part Number" originx="0" originy="0" style="Default" rotation="0" justify="" flipped="False" hidden="True" data="" />
    <text name="Mouser Price/Stock" originx="0" originy="0" style="Default" rotation="0" justify="" flipped="False" hidden="True" data="" />
    <text name="Arrow Part Number" originx="0" originy="0" style="Default" rotation="0" justify="" flipped="False" hidden="True" data="" />
    <text name="Arrow Price/Stock" originx="0" originy="0" style="Default" rotation="0" justify="" flipped="False" hidden="True" data="" />
    <text name="Mouser Testing Part Number" originx="0" originy="0" style="Default" rotation="0" justify="" flipped="False" hidden="True" data="" />
    <text name="Mouser Testing Price/Stock" originx="0" originy="0" style="Default" rotation="0" justify="" flipped="False" hidden="True" data="" />
  </component>
</quadcept_library>
